Bowsers,1785024549,4321557541
superbly,1785101630,10017813138
rlkvm,1785102462,4910991948
unppc,1785102468,5520145932
vsflo,1785102473,5378943146
vsfav,1785102477,5378921022
ozwrg,1785102484,4577045090
wppcp,1785102487,5520233731
vsfui,1785102493,5379030036
twbjq,1785185682,1262487919
izmeh,1785197469,114886746
Ernesto,1785273850,50760
ttwlf,1785333172,1771823575
cznu,1785581575,417303390
dxfp,1785632316,417306616
sqznf,1785667944,3664866071
tzdou,1785690117,2665007160
ruzqj,1785705088,2563423769
6h1l,1785767793,1456798702
dxskz,1785775074,585892788
afuak,1785776929,9022313931
1ui,1785824244,781187
zarbo,1785826858,802132
e8r1,1786055730,657323999
ovqlt,1786057778,4350665849
